field,step,phase,M,acq_mean,acq_std,acq_min,acq_max,mu_mean,mu_std,mu_min,mu_max,sd_mean,sd_std,sd_min,sd_max,chosen_acq,chosen_mu,chosen_sd
0,35,active,1690,0.17732065618505935,0.13255284458191144,0.004262044257823214,0.42499971229161737,1.6443423599805538,0.11384409119804602,1.291478945774721,1.9345307398458127,0.054380099404352136,0.028255480322213464,0.008205782226055213,0.1026513839030556,0.42499971229161737,1.5211700328111275,0.1026513839030556
0,36,active,1689,0.14314352456482504,0.10368394185190226,0.0039896400605311634,0.36410204439664035,1.658876649950089,0.10481966799300885,1.3064811754790944,1.934894080329629,0.04840981001080876,0.023612343719428133,0.008024246740265993,0.0927945923199004,0.36410204439664035,1.6772789443256073,0.0927945923199004
0,37,active,1688,0.13631566092058098,0.0998709879051633,0.00399010353943888,0.34266570400019786,1.6668873229369174,0.10773893182757795,1.3093734805058221,1.9465449134761124,0.04680680842270588,0.022875960592030932,0.007992054030495936,0.08858834706358436,0.34266570400019786,1.649225894833227,0.08858834706358436
0,38,active,1687,0.172527914702988,0.12369916958794841,0.0050657480118096385,0.45223507492927145,1.665999086759065,0.13368955208069896,1.2792096608886205,2.123765286173669,0.047580543667647475,0.023403423350307172,0.007916047056557834,0.09513082030503957,0.45223507492927145,1.6979375097573244,0.09513082030503957
0,39,active,1686,0.14772552462279293,0.10729202682666912,0.004789578815838133,0.38872575055869524,1.6639068240710182,0.1337473518676477,1.2792070014442254,2.1234992068113767,0.04375688191231054,0.02117195384479703,0.0077775906298532885,0.0859665325400566,0.38872575055869524,1.6093513307150171,0.0859665325400566
0,40,active,1685,0.10264579718403194,0.07304975545927114,0.004685917615401998,0.28755924546060885,1.645654203971016,0.15096862401637443,1.2442080142137248,2.1236043598595398,0.03614015657646729,0.016273375692259458,0.007828108969061581,0.07112659696184911,0.28755924546060885,1.8829715501347597,0.07112659696184911
0,41,active,1684,0.10440698464568648,0.0728429004195605,0.004278787808198341,0.31139193022579703,1.628828888377395,0.13494979712704516,1.2505408051286016,2.1131767949045317,0.036579159927975766,0.01617738447472141,0.007480646507940846,0.07500989346237293,0.31139193022579703,1.8409625738499233,0.07500989346237293
0,42,active,1683,0.07790728081934396,0.05426454628609629,0.0043341379509186945,0.22068234622887745,1.6373445425486068,0.1387549004676165,1.2480909419191715,2.1119701445435743,0.030676670775841373,0.013109709019909679,0.0074272425520380166,0.059292322121165454,0.22068234622887745,1.360660655968673,0.059292322121165454
0,43,active,1682,0.028948639139702127,0.0272183873471625,0.004871655645550013,0.15012293598922283,1.6542172768999222,0.13395870268456536,1.2294192713878487,2.1087926512828803,0.02136712620155383,0.01019003628960841,0.009466702096352721,0.056615979536968286,0.15012293598922283,1.7224567088142555,0.056615979536968286
0,44,active,1681,0.02598472376541567,0.02318808620126045,0.004911596362989641,0.1213274735703646,1.6551792956731226,0.1372273651364966,1.2258806120987327,2.107767878599661,0.020459052221962627,0.009066673987161591,0.009523349248867599,0.05023066800850471,0.1213274735703646,1.5913975208819588,0.05023066800850471
0,45,active,1680,0.04934651652943084,0.03606159454859898,0.004120800997614467,0.1623447668192358,1.6602658576650344,0.12900589723819725,1.2697190140292889,2.113067313537797,0.024202401805013374,0.009927787119755848,0.0072865823881897015,0.049609231699560906,0.1623447668192358,1.8187845671424796,0.049609231699560906
0,46,active,1679,0.04180162211818524,0.030071146506497146,0.004138826242920693,0.1304612568207059,1.6620558728653527,0.1309046843454203,1.26490496167369,2.1124953356104985,0.022418166936248627,0.008894657852894804,0.007362302174110889,0.04409216236454655,0.1304612568207059,1.5553817632404339,0.04409216236454655
0,47,active,1678,0.02020747324054458,0.016680565477126482,0.004893542972522825,0.10423706475714827,1.656069667509506,0.14319900974136673,1.2221138176226087,2.1064376696418576,0.01712162826838293,0.006813195754250033,0.008934830561721818,0.0433760596967485,0.10423706475714827,1.571137756831783,0.0433760596967485
0,48,active,1677,0.015461505163892027,0.00886638178782144,0.005038463702687726,0.04255193185976557,1.654275224740708,0.14807280180275115,1.2240239156451234,2.1112641447689136,0.016464814798537227,0.00473246626952278,0.009703337752639991,0.028737056109761985,0.04255193185976557,1.6684810056522639,0.028737056109761985
0,49,active,1676,0.011864089363793875,0.006178546234838803,0.0048522088506611815,0.0381462748854714,1.6448326890834981,0.14309456034082285,1.225717927160661,2.113051263427488,0.014778034802983897,0.003613991086404966,0.009679323190479653,0.027598332231679675,0.0381462748854714,1.6521428550112451,0.027598332231679675
0,50,active,1675,0.010650561504081276,0.0048479936618750896,0.004738903157437111,0.0342243935135693,1.6397811275204301,0.1469243029432813,1.2235392644717549,2.115258304614035,0.014592614179905756,0.00310991088072291,0.00991190940152307,0.02703526039288675,0.0342243935135693,1.4363847582626261,0.02703526039288675
0,51,active,1674,0.03869374212964983,0.03198975312496447,0.003498719585344997,0.19513440164631832,1.6261044660784307,0.146131032863234,1.2302944832566487,2.1177835099811553,0.021078943861137355,0.008747244388636772,0.006646555060141472,0.05480220075371175,0.19513440164631832,1.7410713004285632,0.05480220075371175
0,52,active,1673,0.02927331670900976,0.018286605765146492,0.003409484462038502,0.1025038466629963,1.6273895125313456,0.1455686025610915,1.2345246483410555,2.117146980665636,0.018681715132803072,0.006328554231332536,0.006605401933408378,0.03809103287390349,0.1025038466629963,1.7056538869606688,0.03809103287390349
0,53,active,1672,0.028049462710844478,0.018032007543101556,0.003253567460546318,0.10317542295471648,1.6245665478239233,0.14501715943939097,1.2290829979015059,2.117404181189792,0.01798814454753918,0.006302687462750437,0.006372904114653623,0.037759662351994766,0.10317542295471648,1.9503268094023283,0.037759662351994766
0,54,active,1671,0.014055249878437419,0.006844563338086356,0.004577668964262817,0.05550200302510949,1.6128680426323416,0.13556115282721576,1.2600727649383945,2.112828582595122,0.016838373026352313,0.0041059608659513355,0.009827524032162143,0.035111149341366166,0.05550200302510949,1.8993031209375282,0.035111149341366166
0,55,active,1670,0.012994204175986212,0.0058132143746090605,0.004631421634382592,0.04152946555572556,1.6126103152149156,0.13461604126973847,1.2595477034342133,2.1127727156260456,0.016000201725810768,0.003639221222514229,0.009742403439117968,0.029720839232119614,0.04152946555572556,1.6931233298351123,0.029720839232119614
0,56,active,1669,0.011708283631683603,0.004794852377567213,0.004524474109539433,0.0320813732886083,1.6102590932524226,0.1356309172213774,1.2588971843626966,2.113407344662133,0.015236715365561425,0.0031324051669479823,0.009625457215269258,0.025988678735921044,0.0320813732886083,1.669565189664721,0.025988678735921044
0,57,active,1668,0.013871688586403263,0.0070806479971968215,0.003943479301453427,0.04228301121936948,1.6140907207541682,0.13782589902199913,1.2475589509077458,2.1072348017346587,0.015374150223287388,0.0040061862818875455,0.008413406364967574,0.02808694465892236,0.04228301121936948,1.721064049297477,0.02808694465892236
0,58,active,1667,0.012916720403453406,0.0060773391821895666,0.0038919003529355608,0.03637282590456152,1.6144473249924278,0.13852208153830017,1.2371961245197183,2.1085243749333005,0.01480351024755499,0.003575746311792171,0.008309748856792216,0.025822366312732326,0.03637282590456152,1.8181267470242994,0.025822366312732326
0,59,active,1666,0.014747352653745587,0.007781262608702485,0.003779065748339169,0.047237826462078275,1.6102029411424335,0.145330003731206,1.2610928950777331,2.171171350634083,0.015601287941681957,0.004244489731823769,0.008122789918317868,0.029354530255305957,0.047237826462078275,2.055986081577628,0.029354530255305957
0,60,active,1665,0.0141801990490336,0.007354438654743891,0.00398710423428304,0.04574986750851641,1.6084647390363453,0.14257456151016107,1.2671272953346564,2.1799669504146553,0.015107909511906775,0.0039851152600458555,0.008226892637839017,0.02846071415901235,0.04574986750851641,1.4752807715940448,0.02846071415901235
0,61,active,1664,0.012692074940182003,0.006225028239888126,0.004004927035732362,0.04331599703787526,1.6084424639188368,0.142492620859163,1.267498931618228,2.1802336683446146,0.01426207366982438,0.0035115519977134482,0.008202181736301063,0.02751438764223939,0.04331599703787526,1.47311644466024,0.02751438764223939
0,62,active,1663,0.011892650356039054,0.00550886596263015,0.0039991176887882365,0.029882205531515774,1.6068512004156479,0.1435223959305431,1.262772395794404,2.1805017058146,0.013990353581099022,0.0032497007255914653,0.008285180987107997,0.02294449004973446,0.029882205531515774,1.454635439605331,0.02294449004973446
0,63,active,1662,0.02722642242677915,0.017800136414690013,0.0025904318304951217,0.08544626505504099,1.6141143816799122,0.142096753786307,1.2262409952240185,2.208565146505384,0.012949053287482718,0.004674810641940165,0.004169181283821672,0.024972790871396346,0.08544626505504099,1.7811414570362067,0.024972790871396346
0,64,active,1661,0.021792619968310268,0.014384354041270196,0.002620848982388837,0.07537391183324361,1.6177249795430648,0.14305864031155333,1.2369019927582907,2.21221020791757,0.011841759166731086,0.004251757971439117,0.004300515007217812,0.02392838823981123,0.07537391183324361,1.6415261755482198,0.02392838823981123
0,65,active,1660,0.02649006952567441,0.018135025091180326,0.0021934127336461404,0.08601777379627729,1.6121574152283917,0.15109967102825084,1.2259789824122118,2.2073258070348216,0.011672145965386566,0.004437127136314703,0.0035269735309147524,0.02304654824206101,0.08601777379627729,1.3459207796139459,0.02304654824206101
0,66,active,1659,0.02289976756795453,0.01543753854645045,0.0022377487676647637,0.07912187101846227,1.61376667206408,0.14961547702191447,1.228728571707012,2.20968358915284,0.011304585090570345,0.004188737246011776,0.0037098624510082515,0.022936224562470554,0.07912187101846227,1.5808421186480743,0.022936224562470554
0,67,active,1658,0.021976911956095833,0.014212487977494132,0.002106080054337614,0.07013975370038789,1.6110558302853535,0.14988164974601567,1.2526342980122986,2.2145652847386175,0.010564124673802827,0.00381417501911124,0.003426263468490508,0.020465229391281724,0.07013975370038789,1.7245710662170328,0.020465229391281724
0,68,active,1657,0.012227159235893728,0.007241779914652771,0.0027486799897462233,0.04692090433920849,1.6126493327083302,0.14990455998908767,1.2163083090815994,2.2237462713687326,0.010708391727020877,0.0032084835298704533,0.005263587423639571,0.02223689841372377,0.04692090433920849,1.507930728817403,0.02223689841372377
0,69,active,1656,0.011365766330273676,0.006267277032126072,0.002757297006446185,0.04490092367483394,1.6113617742831265,0.1509372412785503,1.2130605787422688,2.223872365366498,0.010437885063701323,0.0029394598003005807,0.0053087535626476405,0.02188277955816951,0.04490092367483394,1.3138180584168397,0.02188277955816951
0,70,active,1655,0.011160579267811447,0.005701321201273803,0.0028931503366618344,0.03167377300292341,1.6101915578943318,0.15119666560385664,1.2159368949470237,2.2234795794020585,0.010424674384535391,0.0027606368567436013,0.0054598758837959655,0.018328748252424275,0.03167377300292341,1.3880473549348273,0.018328748252424275
0,71,active,1654,0.010553965789195933,0.004993793404433016,0.0029846970438417797,0.030797051627516586,1.6104360289763107,0.15098020238701307,1.227820166935544,2.2233628638496583,0.010189898279845747,0.002498763236823108,0.0055516978604053845,0.01808438081773663,0.030797051627516586,2.2233628638496583,0.01808438081773663
0,72,active,1653,0.011401475979055083,0.005210725218664845,0.00341287672253452,0.029978664276408423,1.607587094065337,0.15123108627871926,1.2310845877662506,2.179729557757316,0.010283320662132705,0.002427787742305385,0.0057508057942797,0.01727330060367306,0.029978664276408423,1.2743031319416853,0.01727330060367306
0,73,active,1652,0.012003787307536781,0.005835818297057813,0.0032223092346281355,0.03428380762979557,1.6088929212736158,0.14954653545717134,1.2327670843469885,2.179357551670359,0.010121967101651284,0.0025639171047700396,0.005378452738361725,0.017819903717862847,0.03428380762979557,1.879940911084397,0.017819903717862847
0,74,active,1651,0.01134070781152638,0.005291599310013415,0.0032337795921611907,0.029923379989568538,1.6093121620696598,0.14863195431029008,1.2296633670200987,2.1782809891560033,0.00988820634960075,0.0023989388647874866,0.005404606351143423,0.016662562163575954,0.029923379989568538,1.45385454675437,0.016662562163575954
0,75,active,1650,0.011003797824980554,0.00458123499242112,0.0036547822065935397,0.02942039035282653,1.5968777713972213,0.15423128900099733,1.1910329547753022,2.1755957254152225,0.012137186104145365,0.0025939114264670665,0.0071196208438219005,0.020463320311549474,0.02942039035282653,1.4090621579389964,0.020463320311549474
0,76,active,1649,0.01114112740211413,0.004452812947216045,0.004028973752873178,0.029065307913078344,1.5920815997259177,0.157022085728941,1.216006905169955,2.1768694678764633,0.012860669690569322,0.002600815520537703,0.007855259031888037,0.021365709162765097,0.029065307913078344,1.4080074696850395,0.021365709162765097
0,77,active,1648,0.030147490258989027,0.02606098831050123,0.002627757846515576,0.16830855966048539,1.6112476790779047,0.1731227936623366,1.20121768774377,2.1789277593923213,0.012718756580810304,0.005361133719149518,0.003971187300672831,0.03460843261420334,0.16830855966048539,1.4871189734273527,0.03460843261420334
0,78,active,1647,0.023030873154231867,0.015479933269972098,0.002571704342246627,0.1090025349721429,1.614465777750692,0.17289921696705104,1.1985312746580326,2.1790077765688767,0.011355859278787822,0.003911023142065883,0.003951115855190107,0.027156156552695116,0.1090025349721429,1.8190792166087968,0.027156156552695116
0,79,active,1646,0.02677966561664638,0.018382918415948524,0.002419039476160554,0.08879824061984272,1.614755604943052,0.17061769408358918,1.1952758927925553,2.179985162818812,0.011925752952689925,0.004319953844353829,0.003741341734297489,0.023683733847853057,0.08879824061984272,1.634988020017236,0.023683733847853057
0,80,active,1645,0.020468818346767396,0.012615097489239611,0.0023313402405967516,0.07314958810902676,1.6237664418651243,0.1726975544081672,1.1988133279493098,2.178505599341752,0.010499792199244401,0.003342928837161236,0.0036704277592818388,0.021310380460844904,0.07314958810902676,1.7761098993846065,0.021310380460844904
0,81,active,1644,0.018106486639446008,0.011205747037509853,0.0023681070802554186,0.05917399234688692,1.6239860690324883,0.17203974175715267,1.199598204314584,2.178038719134669,0.010162929674996057,0.0032148896077146202,0.0038110249311508805,0.01960506590529069,0.05917399234688692,1.475731815190043,0.01960506590529069
0,82,active,1643,0.016557367493568564,0.009747742879713573,0.0023642263790088673,0.051987125549669826,1.6235680708259612,0.17248527308739314,1.2005642427343926,2.178035589478293,0.00972459775267625,0.002909730786392126,0.003797306632747108,0.018257954407844355,0.051987125549669826,1.6804927614910816,0.018257954407844355
0,83,active,1642,0.013179347332376834,0.006530775969912034,0.0025854204054488457,0.03432742549323034,1.6201865355374152,0.174540586573972,1.2004928969949917,2.177479471596311,0.010593421490077715,0.0026746828582020184,0.004805675478861949,0.01779281087645365,0.03432742549323034,1.4885258463547995,0.01779281087645365
0,84,active,1641,0.01191092535626304,0.005659011838377505,0.002579197744845903,0.029927794155743974,1.6209433424617075,0.17399041928714915,1.1964184475541209,2.177347633587428,0.01012420816050991,0.002427039790554497,0.004815496989891741,0.016630564677740652,0.029927794155743974,1.4649412267621627,0.016630564677740652
0,85,active,1640,0.01010065937354492,0.0043143090947243,0.002393193339464177,0.027242655426335707,1.6359790228030222,0.16609967851949833,1.2124423861007145,2.1968775050795397,0.01002030140844737,0.0021733014894502584,0.00496700721745435,0.01696888322251889,0.027242655426335707,1.8366466361297824,0.01696888322251889
0,86,active,1639,0.009440065223662879,0.0037986875419935996,0.002393197672681344,0.022447514760246527,1.6359621669327176,0.1654196677124223,1.2127439625356438,2.1921788162067974,0.009635359657814598,0.001984376727505194,0.004931980316812048,0.015257695737544173,0.022447514760246527,1.5380518400830987,0.015257695737544173
0,87,active,1638,0.008367007448282988,0.0029371125445309247,0.0025697782145095585,0.019761985854318157,1.6381176613863175,0.1622988636172904,1.2119797593362995,2.179689159864155,0.010021208072109973,0.0017797417742344398,0.0056213283895485055,0.015723657043502356,0.019761985854318157,1.386065006522452,0.015723657043502356
0,88,active,1637,0.008432574107952253,0.0029588858055232805,0.002590506291677871,0.019137296603171913,1.6385448481994174,0.16198812364408074,1.211332495753715,2.1790688434951324,0.00984597842604256,0.0017476929194211103,0.0055234298248591366,0.015137805131690102,0.019137296603171913,1.5949194687287316,0.015137805131690102
0,89,active,1636,0.00820922894359831,0.0027444334292405707,0.0026978130706025887,0.01760187339909199,1.6377352964781198,0.16183996264109402,1.2158940416240323,2.1782390680107544,0.010107595218793043,0.0017068430165709189,0.005857444431110016,0.015074017721443553,0.01760187339909199,1.3836811332563335,0.015074017721443553
0,90,active,1635,0.008071989486279142,0.0026532271958264303,0.0026573615717998588,0.017245857438661593,1.6380616075676688,0.1618596600277098,1.2149981589389898,2.1836055418370544,0.009822314509153302,0.001635194615789492,0.005695295582813135,0.014615433433195784,0.017245857438661593,1.7459239658082977,0.014615433433195784
0,91,active,1634,0.0078099299473565606,0.0022501697572091185,0.0030367436517765834,0.01612016215497031,1.6377508796829041,0.1599065592314724,1.2171062218339797,2.1750932396218263,0.011137542675110634,0.00161906591629575,0.006998913198253212,0.016231600433207063,0.01612016215497031,1.4452330716331978,0.016231600433207063
0,92,active,1633,0.007706995487926209,0.002327076618189186,0.0028222169288055956,0.01665627008236823,1.638892577091184,0.1595982636302904,1.2160044947966369,2.174374612559997,0.010379728994596741,0.0015840268720338558,0.006336091223367826,0.015499899451928808,0.01665627008236823,1.5727444159822856,0.015499899451928808
0,93,active,1632,0.0699900954891068,0.07359136364701199,0.002635701390305874,0.29707464830162006,1.64370212704952,0.16521625395773967,1.224286258548379,2.1855895710365005,0.01985774592866182,0.012671912907787082,0.004235156092210395,0.0524777395024124,0.29707464830162006,1.7930122979394136,0.0524777395024124
0,94,active,1631,0.06322894000331536,0.06526710046818772,0.00259403533776335,0.26449987713518436,1.6431282732668133,0.16495261472256745,1.224365396956805,2.1855490278886913,0.019015449854758084,0.011804143212223856,0.004239173562515067,0.04907993104053582,0.26449987713518436,1.4605587809235319,0.04907993104053582
0,95,active,1630,0.054063154106614296,0.05589964149952869,0.0025894630116263073,0.24128402783475028,1.6434523623616413,0.16483920716831715,1.2243227908778629,2.1855128757981857,0.01778161878208176,0.010786944091444092,0.004299726626258358,0.046993176725340174,0.24128402783475028,1.7343796212580689,0.046993176725340174
0,96,active,1629,0.008483212262044928,0.0028695517837672036,0.003160904334023001,0.02198919944543471,1.6385045476780447,0.160268817959435,1.226880980176341,2.1789952866715434,0.012065417113662682,0.0020020209174737478,0.007442088582357277,0.019815248271250103,0.02198919944543471,1.928217515610796,0.019815248271250103
0,97,active,1628,0.008138790413267158,0.0023317606906677686,0.003276317740660994,0.01675550184410497,1.6379162148616018,0.15948789436152602,1.2266082674604317,2.1786475652456776,0.012022925181072997,0.0017256995188128005,0.007685058756658995,0.017497243879609162,0.01675550184410497,1.8417787843271547,0.017497243879609162
0,98,active,1627,0.007411096246748078,0.0015963562666771306,0.0036251459136286057,0.01274036573169019,1.637870859704916,0.15659143819576068,1.2245646630215339,2.178533928462196,0.01337044819039727,0.0014586647134426322,0.009387238417731144,0.01767871903175453,0.01274036573169019,1.6537190269492485,0.01767871903175453
0,99,active,1626,0.007683004067966566,0.0014539436440893754,0.004126648919341722,0.012230186330658812,1.6339518042273902,0.15657568684450265,1.2283153278193102,2.175549585000473,0.01543036372204966,0.0014823452171514198,0.011338881854229352,0.01959983718751229,0.012230186330658812,1.3611574806765772,0.01959983718751229
0,100,active,1625,0.007590162470770308,0.001462731406475487,0.004050917793638029,0.012403316391026334,1.634518619073534,0.15658199198276726,1.2274478620299303,2.1757839831360597,0.01460212400511693,0.0014241648195182214,0.010697722221393723,0.01879759060887038,0.012403316391026334,1.8209145476703552,0.01879759060887038
0,101,active,1624,0.008167762135042889,0.0018501784053481267,0.0041557931232247105,0.015106530265269695,1.6332196144641051,0.15813086787319608,1.2362010633327831,2.177333066763919,0.015263222759239525,0.0017171209933648092,0.010931705239760366,0.0209569883421408,0.015106530265269695,1.827008091629248,0.0209569883421408
0,102,active,1623,0.00870440542683568,0.0012349824806334488,0.005496765554479169,0.013072111542882271,1.6264825967813363,0.15413277657210253,1.2485215935099219,2.1759534768915536,0.020695740430291626,0.0014812026897734387,0.01646030633896307,0.025480458311358586,0.013072111542882271,1.781239132653899,0.025480458311358586
0,103,active,1622,0.03420984086510444,0.03641194245506997,0.002405867634115417,0.18209126910245185,1.6309979677331465,0.15843872795116246,1.2222890018376393,2.184733769176362,0.014279818116378332,0.008267414092171833,0.004219278703164608,0.040268325125035344,0.18209126910245185,1.7704255317721036,0.040268325125035344
0,104,active,1621,0.029407094120995726,0.028629703466655835,0.002358722160895707,0.12706253837253137,1.625552693166748,0.15910216521867443,1.222612098738908,2.1845797849830726,0.013522857103998765,0.007223193992867472,0.004221736616146131,0.03302359749358235,0.12706253837253137,1.9242266009660591,0.03302359749358235
0,105,active,1620,0.027607969738699504,0.02630456766381393,0.0023967851861059052,0.11769767399783243,1.625064381199568,0.15877751910968219,1.2231582707915338,2.1845348735616654,0.013202823345304468,0.006875408150754103,0.004274935411520923,0.031771456149392044,0.11769767399783243,1.7875147504485078,0.031771456149392044
0,106,active,1619,0.023400606284177995,0.021442695728550766,0.0024167491519663533,0.09564830961216873,1.62505691530156,0.15851896041932118,1.224011183322179,2.184399331806517,0.012552866325322572,0.006120345953682924,0.004396216733638777,0.02899864596450782,0.09564830961216873,1.7837801627810794,0.02899864596450782
0,107,active,1618,0.0297084126616448,0.02893636943667033,0.0023179898761377157,0.14534989864211065,1.6202305516799838,0.16188973156169342,1.2213323629600819,2.1840267046196127,0.013585678629065852,0.007384255203338496,0.004198291824124153,0.0357723170685844,0.14534989864211065,1.752990823537466,0.0357723170685844
0,108,active,1617,0.012860537139955516,0.0008645574766537763,0.011182517713865707,0.017011321581852545,1.6108438332489612,0.14343500393979194,1.2568620683782017,2.1505744644610525,0.046867738527776044,0.0015851611157380468,0.04369018421179361,0.05404490550599576,0.017011321581852545,1.8589068722920021,0.05404490550599576
0,109,active,1616,0.013036440924018086,0.0008581211384523568,0.011360529634315929,0.01626190066980001,1.6108603350809292,0.14357118697682758,1.2557408499926936,2.1509115753541295,0.04690600307219911,0.0015552314188653194,0.04377326648183321,0.05250063274346362,0.01626190066980001,1.4782219068737528,0.05250063274346362
0,110,active,1615,0.013035605662396945,0.0008025172993718937,0.011410352933145013,0.015854019384637638,1.6105007549291355,0.14400690138107314,1.255834417368532,2.1509487099324103,0.046701179615404265,0.001452541047727476,0.0436773739728431,0.0515995586989984,0.015854019384637638,1.5924264760647118,0.0515995586989984
0,111,active,1614,0.012885090562645774,0.0008003717795279468,0.011271547686391993,0.015277250843078202,1.611275018620664,0.143690539528299,1.2539738096027013,2.1544409906513393,0.046286403168324414,0.001452850487021005,0.04327654508105391,0.05048438694342492,0.015277250843078202,1.7235482770416695,0.05048438694342492
0,112,active,1613,0.012797760414823538,0.0007829207258778613,0.01120448147026778,0.015203172963998235,1.611194751594675,0.1437142867253749,1.2541066089354052,2.1547899049614943,0.045974805749254104,0.0014214377702578592,0.04300296241815931,0.05019283634168366,0.015203172963998235,1.5335984437344983,0.05019283634168366
0,113,active,1612,0.012666853951663828,0.0007903542685947705,0.011073673829499694,0.015398995910972105,1.6111564629820663,0.14405308127539435,1.2553368202918385,2.15751303955104,0.04533356717087339,0.001428825970280192,0.0423729607485246,0.050076333671289976,0.015398995910972105,1.7102672297381738,0.050076333671289976
0,114,active,1611,0.012614178648094566,0.0007646005507869915,0.011045159089361734,0.014912575102476964,1.610978565256977,0.14411647324666527,1.2547441235388548,2.157035401284366,0.04526883660091916,0.0013873224994004664,0.04234551671493807,0.04929935106819572,0.014912575102476964,2.151869695818135,0.04929935106819572
0,115,active,1610,0.013395316166301005,0.0008128598555416112,0.011722702658950757,0.01552473548790876,1.6105633496855756,0.14362659171923775,1.2547496976452872,2.1647870994274228,0.044898536539175624,0.0013787574315521098,0.04198543615697762,0.0484090153653397,0.01552473548790876,1.7388045480441383,0.0484090153653397
0,116,active,1609,0.013317355572562094,0.0007927409482835253,0.01168733298155569,0.015450399921191424,1.6104720449667873,0.14339942944769626,1.2555386462363152,2.16483216022468,0.04493495816753942,0.001353270382759086,0.04207887284118036,0.04847268615729856,0.015450399921191424,1.659114199365462,0.04847268615729856
0,117,active,1608,0.013192754102921712,0.0007832283053344985,0.011572510090771525,0.015321763467077885,1.6104567122337012,0.14343403232820506,1.2561064531665749,2.1653404987655254,0.04450693175444222,0.0013366426481516535,0.04166831655405695,0.048035723555136176,0.015321763467077885,1.4588496978544083,0.048035723555136176
0,118,active,1607,0.013201031217276745,0.0007633030170574687,0.011606204852511784,0.015283003626272017,1.610417340066981,0.14353637425356755,1.2559548514698924,2.1654833102478213,0.04426935605884438,0.0012955769805120976,0.04149280929092618,0.04770172308328033,0.015283003626272017,1.5433440485877543,0.04770172308328033
0,119,active,1606,0.013084145959604292,0.0007499733245496756,0.011496991008888825,0.015086127760798948,1.6102110041643038,0.14358193695265653,1.2574157248102007,2.1657024116268717,0.04387046877371464,0.001272589954072513,0.04110728632119145,0.04717353555449739,0.015086127760798948,1.4757221478006979,0.04717353555449739
0,120,active,1605,0.012973592662663005,0.0007197905795381809,0.011438748221565436,0.01490836325185186,1.6110504489915605,0.1432770663932614,1.259700931225894,2.166266033333487,0.04344203840253422,0.0012202525331036346,0.04077529864662436,0.04663152396775239,0.01490836325185186,1.9453362455131498,0.04663152396775239
0,121,active,1604,0.013139710795921545,0.0007147873141725331,0.011604400479759198,0.015024030513597204,1.6104361055166097,0.142832692928923,1.2582526992818495,2.1630137983074524,0.04354466299192419,0.0011993250548707757,0.04090484281045395,0.04662324111407596,0.015024030513597204,1.4253186611411621,0.04662324111407596
0,122,active,1603,0.013154808953742127,0.0007063482337789425,0.011629782494629076,0.014978653902926499,1.6104442725781372,0.14267736398809347,1.2592235586441305,2.16298843435001,0.043564971266362544,0.0011847062467209252,0.0409449751130362,0.0465459213546847,0.014978653902926499,2.019768039562851,0.0465459213546847
0,123,active,1602,0.013312649739343069,0.0007184095886004077,0.011761161515790942,0.015102117650655177,1.6101979282737127,0.14187062206144685,1.2601906884659229,2.1622393914486127,0.04321929453832194,0.0011812926604286786,0.040605592344329464,0.04609017905209535,0.015102117650655177,1.5557449970530068,0.04609017905209535
0,124,active,1601,0.013340135843124955,0.00067893950678149,0.011854145717253415,0.015046095249165236,1.609433730497669,0.14236990942676872,1.2581765304197106,2.161644573231889,0.04374080703433015,0.0011285673015517476,0.04121493949655974,0.046508000643588274,0.015046095249165236,1.5782355600120261,0.046508000643588274
0,125,active,1600,0.013456863988596624,0.0006424644786165465,0.012018450540149194,0.015046239682105103,1.6084681767091045,0.14276881397047478,1.2550815719635124,2.158452941046975,0.044397236319647426,0.0010752795464679926,0.04193871883032552,0.04699648192041218,0.015046239682105103,1.8748490775989959,0.04699648192041218
0,126,active,1599,0.01352772770322122,0.0006464584335712931,0.012080629256228888,0.015108307807535686,1.608319525327969,0.14274459906216103,1.2551142265650717,2.1589831918264926,0.044115003887761975,0.0010694378547888613,0.04167003589892547,0.04667103582379449,0.015108307807535686,1.7575146752441628,0.04667103582379449
0,127,active,1598,0.013473062865922949,0.0006388733129622296,0.012038985879506029,0.015056410273958829,1.6082115521413194,0.1427973245933604,1.2530569625140013,2.1589442636677294,0.044041996554531525,0.0010593396509038166,0.041613570335939605,0.046607835091819295,0.015056410273958829,1.7123119204035397,0.046607835091819295
0,128,active,1597,0.013404517068072996,0.0006293273450287707,0.011983158947543354,0.014945729310069654,1.608188141543636,0.14279521494488698,1.2532249554962933,2.1593923102011727,0.043816421141607796,0.0010435163815207256,0.04140984946956623,0.046315115259991095,0.014945729310069654,1.480253561569826,0.046315115259991095
0,129,active,1596,0.013304442437599906,0.0006215254306715435,0.011906031729725937,0.014702155689445,1.6091159096842411,0.1419543107050848,1.2508937199123529,2.159910836936228,0.043610878023227544,0.0010332865913348032,0.04123733106796847,0.04588887423472009,0.014702155689445,1.7774680051382787,0.04588887423472009
0,130,active,1595,0.013249978571791676,0.0006212946972332545,0.011850228822538925,0.014657587900138441,1.6089815991372645,0.14194940829292535,1.2512807347134114,2.1609267693290297,0.04319875300201931,0.0010272396411831457,0.04083552188883555,0.04547977414171167,0.014657587900138441,1.3565164607161542,0.04547977414171167
0,131,active,1594,0.013392362701972358,0.0006032771855232575,0.012043853975256352,0.01481176821206083,1.6110502119032188,0.14037732179567539,1.2465738344661332,2.15942915798865,0.044568907552788424,0.0010182477974683267,0.042247342520508116,0.0469163096367352,0.01481176821206083,1.4617253849557637,0.0469163096367352
0,132,active,1593,0.013409942639779215,0.0005898007754565935,0.012085671823207722,0.014637145966033544,1.611430347102269,0.14007379268691164,1.2455946750200109,2.1583254077392042,0.04486072100673235,0.0010007051359070562,0.04256981088416993,0.04690844508975565,0.014637145966033544,1.5754853209581565,0.04690844508975565
0,133,active,1592,0.01328474336878966,0.0005724779115769202,0.012006633525836374,0.014513703906758125,1.6116760877929666,0.14010494916900262,1.2457387885175852,2.1587127951108416,0.04451987325626805,0.0009724076260734764,0.04230652916104807,0.0465728385876454,0.014513703906758125,1.368716438635045,0.0465728385876454
0,134,active,1591,0.013464704555345418,0.0005789099008271797,0.01217502600010961,0.014695225350224043,1.611817115588735,0.14013329771311073,1.2446129132910055,2.159016593293157,0.04435043478182843,0.0009666678560679073,0.04215516827906839,0.046371773820446674,0.014695225350224043,1.6990439365282861,0.046371773820446674
0,135,active,1590,0.013598137097546903,0.000602644662980149,0.012373581290611772,0.01500265382869035,1.6144451052251485,0.14055540123686566,1.2450486197876516,2.1588639206209064,0.04593278820815255,0.0010302082149532914,0.0437992906058503,0.04829219142680136,0.01500265382869035,1.6512820467475608,0.04829219142680136
0,136,active,1589,0.013500866275150772,0.0005927224518996443,0.012285389409170282,0.014905420137666003,1.6143326819316606,0.1405945397610753,1.2453572610971815,2.1592852693431093,0.04565804212403891,0.0010143802276372808,0.04353788080578808,0.04801936849354473,0.014905420137666003,1.6679661868889297,0.04801936849354473
0,137,active,1588,0.013327374029879204,0.0005979628108996677,0.012099559239912664,0.014802418360670947,1.6140429229207387,0.14048502963608467,1.2521518567959233,2.1609838267020036,0.04533328852386614,0.0010290012198970733,0.043178535347707485,0.04782324249588418,0.014802418360670947,1.844961136992978,0.04782324249588418
0,138,active,1587,0.01197735862981695,0.0006980711729000325,0.01013215511843844,0.014034773999212324,1.6124003228007489,0.1449224469155026,1.2456881483336393,2.1703737687463764,0.03565735252070874,0.0010534057283971719,0.032779159899603554,0.038654536656265004,0.014034773999212324,1.6758205053883815,0.038654536656265004
0,139,active,1586,0.011772454813099235,0.000691873284885993,0.009915203199968917,0.013724000977668606,1.6125834897956286,0.14515614260646714,1.2346980295885468,2.1713047299993096,0.03508110412496309,0.0010452374327299375,0.03217877760777602,0.037930575443817456,0.013724000977668606,1.4758605529792412,0.037930575443817456
0,140,active,1585,0.011736513244117813,0.0006826930672808062,0.009885475489358503,0.01369390470309263,1.6128345219376294,0.1452137254078528,1.234120929922793,2.1715164408955756,0.03477691457371965,0.0010259930869214384,0.031900469922195925,0.037617695727121085,0.01369390470309263,1.5879126814865234,0.037617695727121085
0,141,active,1584,0.012750032841207586,0.0006934152151925219,0.011415655604533297,0.014707434647446465,1.6149406727772906,0.1405540301268039,1.246217147405964,2.1674119260897102,0.04283728565111676,0.0011732060027559298,0.040521015277363896,0.046069793509165465,0.014707434647446465,1.3217372461450647,0.046069793509165465
0,142,active,1583,0.012860169426455162,0.0006825842213060007,0.011516817851472853,0.014732278551006225,1.6151217746062991,0.1401275836326881,1.2453485998445477,2.1676893334064067,0.04266101715079094,0.0011417957015051393,0.04035791704303965,0.04571921217394075,0.014732278551006225,1.4476184441147968,0.04571921217394075
0,143,active,1582,0.012874873010043099,0.0006802503983898725,0.011520023319962661,0.014809790382478545,1.6152319558765633,0.14026369866527322,1.2425806624179978,2.1684618447128265,0.042276260899322196,0.0011265891401513234,0.039976301755607374,0.045401258346197314,0.014809790382478545,1.6140561286822181,0.045401258346197314
0,144,active,1581,0.012781994217718612,0.0006691432516589625,0.011438769150091267,0.014707514409215281,1.6153299017872522,0.1402680444308332,1.2419655227110498,2.168632024579726,0.042021547900157705,0.0011094891962546577,0.039738653524203645,0.04513422954714935,0.014707514409215281,1.352369305078121,0.04513422954714935
0,145,active,1580,0.012904906933570251,0.0006430261680064683,0.011588576478618516,0.014599177031065811,1.6154933940962222,0.13989621625871596,1.2548754671379077,2.167957311287445,0.04252845172811604,0.0010700578695599994,0.040286594153728615,0.04528624296338946,0.014599177031065811,1.4025303310359996,0.04528624296338946
0,146,active,1579,0.012901354719198592,0.0006276628353624569,0.011602085665090028,0.014440633700490658,1.6161265446595037,0.13921959976791592,1.2552258088801622,2.1679465268697786,0.042356104224268984,0.0010407377811833996,0.040152024040777196,0.04485920709306766,0.014440633700490658,1.5666851639692543,0.04485920709306766
0,147,active,1578,0.011846101365628064,0.0006365928572080172,0.010109176251587776,0.013959842233582587,1.6158164743570478,0.14470517546421835,1.2422804229659423,2.170810746006863,0.03603204012544967,0.0009815235501206428,0.033268561282930695,0.03917021059978888,0.013959842233582587,1.7263801843760598,0.03917021059978888
0,148,active,1577,0.011796038317290739,0.0006024248076947439,0.010100454864596936,0.013750054828632549,1.6155748274443942,0.14468694695216602,1.2427656342795421,2.1708568755760025,0.03597239657087772,0.0009333620361024305,0.0332691417559168,0.038888303468374415,0.013750054828632549,1.7840767662781367,0.038888303468374415
0,149,active,1576,0.011663462435554805,0.0005802148928976548,0.00995124168163752,0.013707114424769545,1.6132878434083748,0.14306864064354524,1.2482643191869183,2.1701638146443782,0.036594602068979354,0.0009256384680678046,0.03378324188235227,0.03972413947604807,0.013707114424769545,1.8233522135587519,0.03972413947604807
0,150,active,1575,0.011675602456719449,0.0005776314919916722,0.009953096920647895,0.013376238726893858,1.6132268717180758,0.1431363775786197,1.2479353554226535,2.170383546627101,0.03633797926937144,0.0009145932875720193,0.03353174016858054,0.03893948444253846,0.013376238726893858,1.506014548129455,0.03893948444253846
0,151,active,1574,0.011658824691350383,0.0005739517129936228,0.009926738548954409,0.013344339129487211,1.6132445538699123,0.1432492913688218,1.24762397246503,2.1704826990241095,0.03619443072837618,0.0009069132713042811,0.033378765440259646,0.03876685001030037,0.013344339129487211,1.720577289983301,0.03876685001030037
0,152,active,1573,0.011584080381274032,0.0005527378418286906,0.009874718375959927,0.013007057728112071,1.613046838798029,0.14318283924227448,1.246570737185312,2.1705728090284726,0.035956985424157685,0.0008740715443871589,0.033179117253946025,0.038139480624229005,0.013007057728112071,1.5997148636382676,0.038139480624229005
0,153,active,1572,0.011510955262196658,0.0005533321033005458,0.009798431133620304,0.012921765243209808,1.613066619332417,0.14336981870307847,1.2454391431254028,2.170720894203745,0.035708111143583854,0.0008744821339013134,0.032926125528113845,0.03787076448758407,0.012921765243209808,1.6627507302263347,0.03787076448758407
0,154,active,1571,0.011414051283227278,0.0005428564405858701,0.009709241585724991,0.012700248025539615,1.6127951633862903,0.14349078291105077,1.2438957689968788,2.1707080036735333,0.03541163642778804,0.0008580997361141577,0.032641420016045454,0.03738818697883622,0.012700248025539615,1.9645265656193724,0.03738818697883622
1,35,active,1690,1.4057457949348806,0.421959832591246,0.01390279166897615,1.5699424133117026,2.35414689434569,0.08585347480275411,1.6969756056265086,2.8792539834778714,0.13503395373192986,0.04050989101235544,0.005422079039079497,0.1518035324134986,1.5699424133117026,2.2789228765697054,0.1518035324134986
1,36,active,1689,1.474196062569983,0.40303584460519715,0.014466365495379744,1.7025794923041337,2.3243646535462545,0.14420721905496947,1.6816762172183268,2.87727047635451,0.13842320775239228,0.03912050091739049,0.005285294520910692,0.1664617387390765,1.7025794923041337,1.997270438927873,0.1664617387390765
1,37,active,1688,1.5407590745532351,0.4014105536916278,0.015422044943166536,1.750766572783273,2.3014621400454764,0.166676171006065,1.6370693536977925,2.876993515058617,0.14187948934905853,0.03962028312885567,0.005213943673761694,0.1670795083086412,1.750766572783273,1.9202552854208668,0.1670795083086412
1,38,active,1687,1.55731748384713,0.40951791238640056,0.015751719607656627,1.765099201160977,2.290080189017276,0.17316627957007924,1.6370623081855902,2.8769289880784896,0.1412502648060893,0.04068424760778732,0.005140284689118988,0.16538431744652882,1.765099201160977,1.9105204788545647,0.16538431744652882
1,39,active,1686,1.536166023680143,0.41573833445244474,0.015358312361358302,1.741883792480163,2.2913434445285876,0.1704631088215686,1.637168549492688,2.8769922688443668,0.1380432748400762,0.04087412008562671,0.005059525651556041,0.1609907860129943,1.741883792480163,1.8668771725470394,0.1609907860129943
1,40,active,1685,1.8522693882662653,0.6313262250999218,0.00858459949616828,2.3672109724969443,2.3181751433694604,0.24762315485405884,1.3059106271378274,2.885339701205159,0.07862683380276222,0.03482830652039405,0.0014188931851952058,0.11451382957021275,2.3672109724969443,2.4774587445770764,0.11451382957021275
1,41,active,1684,1.7865710123534266,0.6140220390668625,0.008203029879737268,2.3169743900630144,2.3155051058392417,0.2466904372220814,1.307010330028951,2.8853832770383385,0.0741059379917509,0.03294114720301078,0.0014065171085694687,0.11040485666122136,2.3169743900630144,2.547014655659499,0.11040485666122136
1,42,active,1683,1.706334291049634,0.5921530616144306,0.007771883496193425,2.2711438794877976,2.2812764252126936,0.2577101366734083,1.2967128515205397,2.8857377113280114,0.06818586815151557,0.030562752525611307,0.0013776345575694348,0.10609294623171944,2.2711438794877976,1.772888961608355,0.10609294623171944
1,43,active,1682,1.6343093050707411,0.5837011624657694,0.00763849961887313,2.2379739810315313,2.29488745089281,0.2570312997684371,1.2928130352868106,2.885868531463987,0.06423680007951008,0.02956510612685112,0.0013874707507987019,0.10423140435066411,2.2379739810315313,2.5560683413927867,0.10423140435066411
1,44,active,1681,1.5851077732213141,0.5666596570403818,0.007337029396786043,2.181767952033855,2.292644669329876,0.25517255037305864,1.2961283080329864,2.885944100682948,0.06124299979223566,0.027879079699444528,0.001373858470539079,0.099499004267244,2.181767952033855,2.445450738002709,0.099499004267244
1,45,active,1680,1.5659462125193326,0.5633103049658522,0.007074505402306776,2.1578470674059753,2.297078260193391,0.2555586284747146,1.2950623208557328,2.885968745182153,0.060079520058441825,0.027317098595171944,0.0013519080184903039,0.09733457063634635,2.1578470674059753,2.4584694539422642,0.09733457063634635
1,46,active,1679,1.54289497961372,0.5582192070105412,0.00681554853015044,2.1312384565867757,2.300461712970526,0.25589295372159254,1.2956414069033497,2.8859962192211004,0.05883797799305911,0.026661118377532746,0.0013339937783310519,0.09526010536588947,2.1312384565867757,2.466084768584413,0.09526010536588947
1,47,active,1678,1.5122194778320224,0.5516471623258914,0.006561710131870738,2.100601150867766,2.3028330651128748,0.25610355717361877,1.2976281429181975,2.886024120424968,0.057296125311668236,0.025941663696709423,0.0013194196930852442,0.09309697699192306,2.100601150867766,2.4739092196470076,0.09309697699192306
1,48,active,1677,1.4817944986149492,0.546057478154968,0.006308716179139744,2.064782239669033,2.302574081210387,0.255558860756529,1.3020938836934899,2.8860521647512902,0.056077378673813835,0.025392731452878247,0.0013099963839542188,0.09091059271754472,2.064782239669033,2.438225019666339,0.09091059271754472
1,49,active,1676,1.445511998134821,0.5385145079777394,0.00612944902394569,2.047759474353244,2.3148410555752066,0.2608013170490563,1.299283360370027,2.886065792537021,0.05386049937040681,0.024372738514823158,0.0012923974267253504,0.08943826291438842,2.047759474353244,2.4511604350498115,0.08943826291438842
1,50,active,1675,1.4116251723426831,0.530102523297693,0.005897254455318211,2.0105427721268745,2.3116098466893322,0.2596912944231561,1.3055574880665075,2.8860750624607294,0.05254673748767117,0.023701684728031042,0.0012860889298698384,0.0873750264640089,2.0105427721268745,2.4183893874484688,0.0873750264640089
1,51,active,1674,1.3606338643531528,0.5169171982034924,0.00568543161944994,1.9716442810518202,2.3038465535665207,0.25848049081675967,1.312170321389448,2.8860745860259214,0.0502425603933477,0.022595949499923895,0.0012811389466329231,0.08520938069947434,1.9716442810518202,2.463753495163895,0.08520938069947434
1,52,active,1673,1.3371978647704093,0.5131884667483241,0.00550406036146106,1.9456897128449455,2.3048963844615526,0.2582864374585565,1.314751231707725,2.886091764238791,0.049389395364476334,0.022230596180607878,0.0012724894777312915,0.0837768852413373,1.9456897128449455,2.471734241257872,0.0837768852413373
1,53,active,1672,1.3133618108856309,0.5090224226691069,0.005328899311445752,1.9183421138672296,2.305873394818334,0.25813091407887084,1.317492108208431,2.8861117903601836,0.04850922333367157,0.021848440472836385,0.0012637550288520476,0.08223606957297755,1.9183421138672296,2.3703507508432238,0.08223606957297755
1,54,active,1671,1.2775500178623815,0.4908423632994879,0.0053516302365707894,1.9150821106225429,2.265928745199484,0.2834724888816091,1.3231010935480922,2.8860124549433275,0.04578368302251012,0.02037767676138918,0.001250744439686614,0.08094530840948926,1.9150821106225429,2.3103348636715735,0.08094530840948926
1,55,active,1670,1.0692277835076298,0.44636790984754077,0.009153140257011552,1.4118594370984734,2.3602540603692086,0.21368772391136828,1.637975538423611,2.8766503752467534,0.08988517149344723,0.037965017325505813,0.004140170971069242,0.12122617248877345,1.4118594370984734,1.9397746519298606,0.12122617248877345
1,56,active,1669,1.0723852866332138,0.4516674476053068,0.00925642691961032,1.426464167292387,2.3572892321860355,0.21640346688705833,1.6379521300415658,2.876671310035734,0.08932555672981812,0.03828058802736403,0.004112966578289426,0.12162174132584945,1.426464167292387,2.57754835053926,0.12162174132584945
1,57,active,1668,1.0473183682720175,0.45001655214400127,0.008971235987631518,1.4059777819656076,2.3558101077613935,0.21563005902944607,1.6379279601762597,2.8766811873826357,0.08722453017900036,0.03784534262133006,0.004071168823107483,0.11966829857394816,1.4059777819656076,2.003903155185868,0.11966829857394816
1,58,active,1667,1.043245142333936,0.4525701079235313,0.00899553756858031,1.4145239323476673,2.3517443327307603,0.21907805123959584,1.6327607089284522,2.8766685587464047,0.08616989812386046,0.03789204575085598,0.00404008156999806,0.11967518329346209,1.4145239323476673,2.5735845052216106,0.11967518329346209
1,59,active,1666,1.0117489957682524,0.45250340489625956,0.008771570622101196,1.3977283770719073,2.353030075341629,0.21989537165213568,1.6312929512213508,2.8766624036235795,0.08343272233793106,0.03759927013851385,0.004003694429290404,0.11798808221639313,1.3977283770719073,2.5750287497881414,0.11798808221639313
1,60,active,1665,1.0022283435721413,0.4598265435625079,0.008829432760065906,1.408470769476896,2.3653122163193196,0.2304888287742013,1.61661327953892,2.8800445660627445,0.08200878339492168,0.03795067113070435,0.003980176907860488,0.1182509734694176,1.408470769476896,2.027358000682334,0.1182509734694176
1,61,active,1664,0.9830069152939604,0.45569963795597646,0.008641659957853322,1.3963953725246503,2.3655324462625726,0.23030066946763691,1.616668473465893,2.8800232205854757,0.08022852544261222,0.03739417584961139,0.003943690287772621,0.11693156743444356,1.3963953725246503,2.5926116751459016,0.11693156743444356
1,62,active,1663,0.9632055708049926,0.45401375558932583,0.008435029742790522,1.3805500843124558,2.3659883716805985,0.23064054873072604,1.6160157680581704,2.8800229211900428,0.07859504328419759,0.037020971424675087,0.0039095022851978285,0.11537521687544527,1.3805500843124558,2.591924111191791,0.11537521687544527
1,63,active,1662,0.9390304159151776,0.45081890297601646,0.008168744065391783,1.3587356723593276,2.362432029343922,0.22892950267192738,1.6225296693276707,2.8800676527951343,0.07673075447298867,0.03652541217953789,0.003870237757484089,0.11340284573880871,1.3587356723593276,2.5854418602028213,0.11340284573880871
1,64,active,1661,0.9068407581325169,0.4479669349414071,0.007977043941550993,1.3432733228494154,2.3633255240865063,0.2295198780095351,1.621670584688859,2.8800661154824905,0.07403857444988586,0.036022186431985015,0.0038379769872409607,0.11194096726113974,1.3432733228494154,2.585929916046837,0.11194096726113974
1,65,active,1660,0.883882528615284,0.44387844334599946,0.0077252996164374555,1.321571629751347,2.359599739887832,0.22792113158307853,1.628876239836727,2.880118282283468,0.07232538469756222,0.03549865138380554,0.003800054905722186,0.11004353800292309,1.321571629751347,2.58012497059589,0.11004353800292309
1,66,active,1659,0.8566121678673551,0.4379269101091061,0.007515893204094443,1.3032048265453455,2.3580331079260555,0.22744642948304092,1.630815667241564,2.8801387576059447,0.07015700326118184,0.034815711842275165,0.0037670209624235153,0.10843910364959913,1.3032048265453455,2.5797227672751437,0.10843910364959913
1,67,active,1658,0.8328795595374442,0.4333918802140851,0.007287461324053374,1.2824317665361007,2.354838944654775,0.2261488842883053,1.6365111270096935,2.8802478326319196,0.06841061830992394,0.03429526055435961,0.003731787331607178,0.10668412904186718,1.2824317665361007,2.573159937908459,0.10668412904186718
1,68,active,1657,0.8213502096753076,0.4318968049021254,0.007229551318137581,1.2800137338457622,2.360239278365824,0.23038243048977428,1.6296023319573048,2.8801384531787115,0.06723069752543288,0.03396390652357709,0.003708548763834763,0.10616811357147954,1.2800137338457622,2.5832792111939717,0.10616811357147954
1,69,active,1656,0.7969372544768931,0.43011488791014074,0.007209612575857812,1.2820480207590572,2.3701500365478925,0.23884485929484173,1.6216383537628607,2.880089883348172,0.06490289295796468,0.033539117232827875,0.0036879036817111612,0.10595734293043549,1.2820480207590572,2.217911231914405,0.10595734293043549
1,70,active,1655,0.8195695739530704,0.4396283255089334,0.007473327149050762,1.3186064990760125,2.3619520166306756,0.24167431327501315,1.6172945195682553,2.8853251439054284,0.06560589002537373,0.034049594168369085,0.003674124886906253,0.10784435881971362,1.3186064990760125,2.5730567276661183,0.10784435881971362
1,71,active,1654,0.7997297599314069,0.4344580934644501,0.007255206375393935,1.298732045959554,2.3590322247685402,0.24073503025024723,1.6238703435291326,2.8822038604719,0.06421517059759548,0.03351141401835238,0.0036412366753843677,0.10618444977778195,1.298732045959554,2.197559281554868,0.10618444977778195
1,72,active,1653,1.4190767470606138,0.48122385054091854,0.005271226778225919,1.801937341045245,2.3616129736459652,0.2303880388153439,1.6351909570936907,2.9060851827457403,0.06747482834684182,0.025285734382082675,0.001591325437743395,0.09241058366942699,1.801937341045245,2.389098568992716,0.09241058366942699
1,73,active,1652,1.39942863619001,0.4768801540721831,0.005128954491608943,1.7785543533728907,2.3631333318810834,0.2298582342321948,1.6351507597925583,2.9061858933185434,0.06629386765799936,0.024853188941878854,0.0015768676251620424,0.09063253720227858,1.7785543533728907,1.8716382060232715,0.09063253720227858
1,74,active,1651,1.0759023894930433,0.517271589276949,0.005709266657073071,1.640109234892084,2.357647320910002,0.246875412413617,1.631293827993069,2.934434803118959,0.05533332390146387,0.028468694207746288,0.001932018887028754,0.09118616507603088,1.640109234892084,2.096021020552585,0.09118616507603088
1,75,active,1650,1.0417854518548726,0.5079838291357719,0.005612396751134898,1.6100271242123951,2.3634057709933067,0.24239671443941907,1.6323029940822456,2.9340193754985524,0.054322222672325754,0.028149192681457505,0.001961559666734821,0.09050334986533097,1.6100271242123951,1.998691153230279,0.09050334986533097
1,76,active,1649,1.0664598054249605,0.5162679422165991,0.005795158226170295,1.643827781511104,2.355729298071944,0.24869033077432354,1.6140016515116127,2.950793038376161,0.05464187918070212,0.028413111024069956,0.0019420323634795908,0.09132521532731534,1.643827781511104,2.4879624914214964,0.09132521532731534
1,77,active,1648,1.046609970099599,0.5121953263350246,0.005678698819026176,1.628640329782166,2.356215609764827,0.2490363287687741,1.6141134746094412,2.9499762867917068,0.053658743185817113,0.02809764335336011,0.0019335406653706534,0.090420179079237,1.628640329782166,1.9665664352779388,0.090420179079237
1,78,active,1647,1.0372684643229937,0.5137369737006212,0.0057422334815199665,1.6489805347111224,2.3457942741843887,0.25645431876916946,1.613795302188561,2.9612449741621187,0.052141079874502054,0.027781693293344095,0.0019065271811078486,0.09055347826977034,1.6489805347111224,2.4845655889145846,0.09055347826977034
1,79,active,1646,1.0150501609314881,0.5128390461967799,0.005882801051513402,1.655470098364235,2.3631394128809564,0.27829039207217937,1.613774852133199,3.1143652583806336,0.051052587059553234,0.02781058225268965,0.0019367531772496239,0.09149134013674116,1.655470098364235,2.0006682519634698,0.09149134013674116
1,80,active,1645,1.0486829818973553,0.5140005787618169,0.00558791374895185,1.6703288492735517,2.3856151805680583,0.29174265451204573,1.5479734146393718,3.042037536778151,0.05218747792999818,0.026899431835435555,0.0018644953283066532,0.09178930484105625,1.6703288492735517,2.242931479878258,0.09178930484105625
1,81,active,1644,1.0150216285716833,0.49944820599212125,0.005444270755935885,1.6070581574990597,2.396159723135914,0.29397531184175096,1.5609209096343335,3.031522387474725,0.050790114359224946,0.026084210383286132,0.0018724933322572346,0.08745428220799006,1.6070581574990597,2.301491056325293,0.08745428220799006
1,82,active,1643,0.9784358052615824,0.5024029853334062,0.005674589723928023,1.6317370541541412,2.362845293751766,0.2808653515997387,1.6151469277424733,3.1144935361499306,0.048810893334289944,0.02682236356856669,0.0019048565636380968,0.08939865149461387,1.6317370541541412,2.0134709831280593,0.08939865149461387
1,83,active,1642,0.9484563286827024,0.4926330942949306,0.0055697961160794595,1.6077535543326495,2.368537330143558,0.28000225216446273,1.6155769395709436,3.1118590834142803,0.04769848625972683,0.026276258598828386,0.001917854437624775,0.08861637626813955,1.6077535543326495,2.5148002286933306,0.08861637626813955
1,84,active,1641,0.9321366487595698,0.48747898945092766,0.005437578188391527,1.5870430152531847,2.367769667543884,0.27941924818627745,1.6155223032383508,3.111447051130756,0.046940092216133364,0.025862230036721296,0.0019055589032108728,0.0872142760821843,1.5870430152531847,2.526281909080215,0.0872142760821843
1,85,active,1640,0.9138314059716159,0.48215688766185333,0.005302997751927868,1.5677117542667642,2.3662753877463136,0.2784622780090473,1.615506826003413,3.11092902754642,0.04609684554830296,0.025426493734911765,0.0018934731733737224,0.0860054904097491,1.5677117542667642,2.1460848023866093,0.0860054904097491
1,86,active,1639,0.8955290944394417,0.47508498873495025,0.005187977825602559,1.5483083769973276,2.3678794436482944,0.27791995424183946,1.6158606023576558,3.1099555041964058,0.04534434697962009,0.02494822846957368,0.0018891239802434198,0.08501517281128844,1.5483083769973276,1.9840075518321358,0.08501517281128844
1,87,active,1638,0.8853197276062003,0.4711820222807217,0.00515725173392845,1.54669122549452,2.366527217104029,0.2789446256753901,1.615787773419886,3.1106962134487484,0.044553905007326054,0.02454161564879044,0.0018763133834844435,0.0845477989120084,1.54669122549452,2.2009441043083005,0.0845477989120084
1,88,active,1637,0.9034810678202047,0.4774910918045178,0.0048785579480510035,1.5176011399490097,2.390940570475542,0.28502666432762513,1.5197488332352787,3.022987882012787,0.04637465249511273,0.02465805035109883,0.0018620676450098364,0.08368814806790038,1.5176011399490097,2.266438368104643,0.08368814806790038
1,89,active,1636,0.04845872231393843,0.013634497813857659,0.03746140671640284,0.15181557630351886,2.4303556848553933,0.29566129040419725,1.6440901185193142,3.0210062788571332,0.05817981401244012,0.007716442349641877,0.051208933886431586,0.1093518813816425,0.15181557630351886,1.951414473686862,0.1093518813816425
1,90,active,1635,0.046670205711639406,0.01100713277463079,0.03669277689675813,0.10768320819881429,2.432886652206904,0.290744240475739,1.6445365540099974,3.0204161938245657,0.05806752091121607,0.006598554442512516,0.05148637128243809,0.09146651632130198,0.10768320819881429,2.416854361231896,0.09146651632130198
1,91,active,1634,0.04547675783630484,0.008595771876798665,0.03645385809050295,0.09981232750312272,2.4336518782918666,0.29069586652295903,1.6448777132035213,3.0199589454663505,0.05739863565051533,0.005367049770032074,0.05133455261811126,0.08774059677407438,0.09981232750312272,2.5029644346037125,0.08774059677407438
1,92,active,1633,0.04471974994075461,0.007341679299315241,0.03622450163079915,0.07770085064714884,2.4334624746237243,0.2906719217676489,1.6450264585677723,3.019694231917323,0.05692113058920531,0.004699361048410492,0.05115110639710162,0.07651457192040079,0.07770085064714884,2.9763423010192973,0.07651457192040079
1,93,active,1632,0.045709866407679815,0.007167058436434976,0.03731866865209299,0.07837623610075412,2.433243853615059,0.29063398869512924,1.6446300716092974,3.0259984378126212,0.05654014471136183,0.004467559723317151,0.050999057986562374,0.07547075471599543,0.07837623610075412,1.767865786146813,0.07547075471599543
1,94,active,1631,0.046504347857828233,0.007049300673796834,0.03799284747605163,0.07760647052180102,2.4323687373345444,0.29184955860972317,1.6437895420077326,3.025623390354085,0.05586257127398406,0.004281746642802393,0.05039393114005287,0.07349265902549532,0.07760647052180102,2.567739702108709,0.07349265902549532
1,95,active,1630,0.04615707529796285,0.006521387791436372,0.037924158578636305,0.07525237911831419,2.43273783841844,0.29222590226522394,1.642341786100373,3.0254998726207085,0.05575728528937167,0.004004461259467433,0.05043526198269544,0.07240940880946926,0.07525237911831419,2.9459446561871077,0.07240940880946926
1,96,active,1629,0.04665070114073163,0.006249150039946049,0.03862834664067902,0.06852095560702957,2.4321138285708273,0.29109257900174407,1.64264606703718,3.0254304384889323,0.056111109152785214,0.003830510852529204,0.05094767300055528,0.0688953627813411,0.06852095560702957,2.3412929938318805,0.0688953627813411
1,97,active,1628,0.04605537369784702,0.005901594198735084,0.03833753751475042,0.06706150689817372,2.4326669412283244,0.2908290133000149,1.641960323117681,3.0256301217112793,0.055693617598743916,0.0036389827410151176,0.05070260853817933,0.06804586315670148,0.06706150689817372,2.544001903524802,0.06804586315670148
1,98,active,1627,0.04517078281219478,0.005677093421693979,0.03754458672304775,0.06651785664830236,2.4317592198657616,0.29100958289546364,1.6414085490888737,3.0257292865723695,0.05507724376320305,0.003532875005897251,0.050103389993893015,0.06768043362290074,0.06651785664830236,2.297747381313762,0.06768043362290074
1,99,active,1626,0.0445144649458581,0.005100636864262288,0.0372427414128086,0.06520333325374465,2.432081349857823,0.2910471515856207,1.6412244109351204,3.025689046417973,0.054671022104047055,0.0032127683354725104,0.04989332160148048,0.06696250775319648,0.06520333325374465,2.98802602095032,0.06696250775319648
1,100,active,1625,0.04545342208053189,0.005091108720701146,0.038192321329576985,0.0661873876553609,2.4317670562170846,0.2909129047245677,1.6407025904935986,3.028881146061096,0.0542600864920502,0.0031224777978074345,0.04962202513213154,0.06626113374127582,0.0661873876553609,2.6804685087613693,0.06626113374127582
1,101,active,1624,0.04535281096990932,0.0048318568300996624,0.0383579035236161,0.0648887242670022,2.431332246087989,0.29065530090703895,1.6407443905985675,3.028140319800232,0.05426777579178959,0.0029731382045459906,0.049792137263203105,0.06564145004883527,0.0648887242670022,1.760905471757871,0.06564145004883527
1,102,active,1623,0.04586053517335774,0.004754325081636282,0.03887707178990307,0.06550106467268216,2.4315469084364545,0.28997899436234115,1.640659283701038,3.0281684963982487,0.05414262386260879,0.002891371551905039,0.049731864075679914,0.06543257708587658,0.06550106467268216,1.7889233937723288,0.06543257708587658
1,103,active,1622,0.0465004429719916,0.004758818053198935,0.03944936830578291,0.06538390685821632,2.4319729032922415,0.28959561997104505,1.640318905114829,3.02827759165395,0.05389469545806696,0.0028463490716716497,0.049519728282883486,0.064598681088874,0.06538390685821632,2.5635151544120283,0.064598681088874
1,104,active,1621,0.04622969877838567,0.004616642165807183,0.039285136417599106,0.06371729047303938,2.4318663152275155,0.28950706808634735,1.6408607835084936,3.028397119251314,0.05397219153326321,0.002783917493933504,0.04963249204631572,0.06399956678011721,0.06371729047303938,2.413124229726724,0.06399956678011721
1,105,active,1620,0.04566553710087804,0.004571965691424049,0.038733243855187685,0.06058436727329877,2.4321049254296607,0.2897538275863077,1.6407152508717182,3.0298633520797074,0.05324940854721558,0.002754383709812138,0.04892287031546187,0.0618690891603321,0.06058436727329877,2.1946592941248353,0.0618690891603321
1,106,active,1619,0.04530875123025949,0.004478153306465456,0.03844751039507161,0.059553825222936965,2.432397334727188,0.2897079231068842,1.640648264228382,3.0301762620088892,0.052799493063340246,0.0026962576144739614,0.04852068329561731,0.06103875303623433,0.059553825222936965,2.96473783133077,0.06103875303623433
1,107,active,1618,0.0460981719852398,0.0045052363799283615,0.03921786170847286,0.0604461486832231,2.4320959499531956,0.2894451775239419,1.6401583051454147,3.031121631815649,0.05262018213327449,0.00265904652369172,0.048416195941390475,0.060760207229108396,0.0604461486832231,2.347332035958479,0.060760207229108396
1,108,active,1617,0.04566094690770599,0.0042189213667698745,0.03897599372697594,0.05925669606159531,2.4321139179219533,0.28955123293153884,1.6401388752111723,3.0311337145280164,0.052313693940407024,0.0025053905832386654,0.04821455935871108,0.060065390909081445,0.05925669606159531,2.4444038907916172,0.060065390909081445
1,109,active,1616,0.04551880638428376,0.004145884498712286,0.03890812536647576,0.0585805531923793,2.4320311614095176,0.28946356003748663,1.6405995298074638,3.030887813430196,0.05255915441467096,0.002481307209040657,0.04847467562687774,0.060077617777972075,0.0585805531923793,2.455981092984851,0.060077617777972075
1,110,active,1615,0.0442895548963088,0.0043797500318812094,0.037336953201046734,0.05970238403254246,2.4347927363196358,0.2907716793041756,1.6426929306634288,3.0335383535265708,0.05522909172022442,0.00282446546216781,0.05058539462497032,0.06469737599349061,0.05970238403254246,1.7349753130383312,0.06469737599349061
1,111,active,1614,0.04588378646928333,0.004496911754551877,0.03868567107357724,0.060757281581322216,2.4330227287122184,0.29068872248795186,1.6198149259144392,3.0314444918147365,0.05645315944804298,0.0028664600849666686,0.05170200706615912,0.0655244995763033,0.060757281581322216,2.2741987373007317,0.0655244995763033
1,112,active,1613,0.04539782518148083,0.004408097583104826,0.03837929709713057,0.05978997810480182,2.4337296737734175,0.2905422272676978,1.6209562054213629,3.031815366244854,0.05613133688294085,0.0028218266472006493,0.05148037870162141,0.06495801552719684,0.05978997810480182,2.613089154637425,0.06495801552719684
1,113,active,1612,0.04527167860221272,0.004256874892579587,0.0383391099914947,0.05951029987750554,2.4336262785581875,0.2906188681710274,1.6207443539592603,3.0319157995576047,0.05582812584387734,0.0027226585702743874,0.05124590868058573,0.06453665927401443,0.05951029987750554,1.6440460119462883,0.06453665927401443
1,114,active,1611,0.045909163633332195,0.004280265802899875,0.03891583904129889,0.05939470256657058,2.4343038595772195,0.29001578377961823,1.6209137614074072,3.031753702944875,0.056769102729287736,0.0027477642664493268,0.05213180996881123,0.06507785650730505,0.05939470256657058,2.5209786278178776,0.06507785650730505
1,115,active,1610,0.04567708904589968,0.004228028855991793,0.03873797135242477,0.05895718659960865,2.434216752870023,0.2901140636892269,1.6205491118073398,3.0318352545350016,0.056439239102341,0.0027124070904625034,0.051842302426692605,0.06461691863020903,0.05895718659960865,2.6901739249677408,0.06461691863020903
1,116,active,1609,0.04583637493353066,0.004164749229654078,0.03903273865744729,0.05803004378967109,2.4346952568075766,0.2911456801764689,1.6214115245553664,3.025396283100913,0.05640567435263634,0.002661060882461567,0.05191950465764923,0.0639196536756078,0.05803004378967109,2.674404625039288,0.0639196536756078
1,117,active,1608,0.04532671783629285,0.0038561687484080856,0.03900923623385711,0.05801697991908166,2.4331091848582522,0.29041295763774727,1.621480753189024,3.025417822450771,0.05589862205826485,0.0024628863358997187,0.05173245392261644,0.06370171558302337,0.05801697991908166,2.2808109070958467,0.06370171558302337
1,118,active,1607,0.04527094092705342,0.0036676287670485393,0.039108725473778076,0.05753850136423494,2.4326736326111478,0.29099336115991337,1.623994933841598,3.025806184311817,0.056594837944842685,0.0023787435066380067,0.052476234630317524,0.06424976370157381,0.05753850136423494,2.463551069989022,0.06424976370157381
1,119,active,1606,0.045141135585298496,0.0035669132471526322,0.03905174221566916,0.05540160678369382,2.432685902807236,0.29101748000661976,1.6244580117668461,3.0257293653134707,0.0564999622765748,0.002318507558166772,0.05242549567463755,0.06296362565251258,0.05540160678369382,2.839085225247665,0.06296362565251258
1,120,active,1605,0.045420015101608376,0.0035673363808711965,0.039331358728993314,0.055454167805108985,2.4324056820550246,0.29087350186151667,1.6242097860263995,3.0258189651280993,0.056241680873898005,0.0022939421763312614,0.05221082335172164,0.06250496063399254,0.055454167805108985,2.1255745846581124,0.06250496063399254
1,121,active,1604,0.045316327774362085,0.0033916234180226172,0.03933900157640769,0.05543947291387548,2.432472943506912,0.29153459687349564,1.6238995376016379,3.025889777235502,0.05610351098822654,0.002184342599015211,0.052146995098164284,0.06241350307911695,0.05543947291387548,1.740336996186456,0.06241350307911695
1,122,active,1603,0.045744649896057796,0.0033840105803496353,0.03975453575917036,0.05584537327602547,2.432603094634133,0.29037389339287756,1.6256706145465398,3.02558035149073,0.05633905314532325,0.002169137384489392,0.052393592477139136,0.06260776180828236,0.05584537327602547,2.9962110566999787,0.06260776180828236
1,123,active,1602,0.046596153969349206,0.0034029128654636635,0.04054322582767332,0.056786501393759535,2.4322858968116723,0.29020030375005446,1.625476705760075,3.0270028255255617,0.05606751450009849,0.0021333662761205607,0.05216984461179758,0.0622540111483802,0.056786501393759535,3.007952166394558,0.0622540111483802
1,124,active,1601,0.04740207581153967,0.0034335524617715024,0.04131275138662082,0.05782564343185817,2.431923333385814,0.28993444906068605,1.6253567590615168,3.027133886524587,0.055799782773132134,0.002107687083278519,0.05196213579864112,0.06199406823464696,0.05782564343185817,2.7151602467028124,0.06199406823464696
1,125,active,1600,0.04759632341247652,0.003276161568919003,0.041664958433555076,0.05628710355243443,2.4315715958151,0.2895753789946182,1.6270985375244962,3.0269683012862205,0.056271664211814655,0.00202271666307529,0.05251827018363457,0.061497345879615965,0.05628710355243443,2.384377969363575,0.061497345879615965
1,126,active,1599,0.04720104103470421,0.003181348835127739,0.04133918970105002,0.05576684900195773,2.4322149859565507,0.28999895280925025,1.6264541461536755,3.0277014944817404,0.05608263371273583,0.001974808237009452,0.05235548433232985,0.06125659851337978,0.05576684900195773,2.53617153662424,0.06125659851337978
1,127,active,1598,0.04699979784124452,0.003168921274821898,0.041191484188873195,0.05542193682510851,2.4321519056445067,0.2901043894020078,1.6262764746122975,3.0277922994643562,0.055841227192778266,0.001966523237617835,0.0521496479833781,0.06092960514181767,0.05542193682510851,2.4297304592879736,0.06092960514181767
1,128,active,1597,0.046882428237352794,0.003057428218813448,0.04121856878968872,0.055138997697568436,2.431853250224844,0.29026931905743475,1.623287618299371,3.0276416288199575,0.056444890827163155,0.0019237209958678802,0.05279889014483312,0.06150056321498309,0.055138997697568436,2.4313300885089344,0.06150056321498309
1,129,active,1596,0.0467649525108531,0.0030097577045366634,0.041170450619305334,0.054775210261585945,2.4318086958574985,0.29015391765498194,1.623971173607205,3.0271421465267667,0.05646911249872156,0.001899499806397132,0.05285820068611614,0.06139218090169543,0.054775210261585945,2.50215716972612,0.06139218090169543
1,130,active,1595,0.046768819553332834,0.0028939759125674444,0.041328135808289056,0.05445980596981099,2.4306904004087637,0.2894912254969485,1.628050528506742,3.0265455487355855,0.0573140438442615,0.0018541525790555088,0.05375184484663693,0.06211629352915963,0.05445980596981099,2.588132639754028,0.06211629352915963
1,131,active,1594,0.046607799166257555,0.0028622857536805203,0.04122168973924609,0.054231975687526815,2.430547465845927,0.28953524543918274,1.6278922527719026,3.0265785021419145,0.057087804324024605,0.001832132927075131,0.05356409698249279,0.061845583530671634,0.054231975687526815,1.8751657482177184,0.061845583530671634
1,132,active,1593,0.04727669909205802,0.002877455858573254,0.04184666209579041,0.05504203419305515,2.4305576617274327,0.28908704666662743,1.6303478760719599,3.0263039259480222,0.0573424622699776,0.0018251221922081994,0.053822831672347776,0.062143394252819326,0.05504203419305515,1.769082473249683,0.062143394252819326
1,133,active,1592,0.04827818905490083,0.0028781360917545726,0.04280584946116373,0.055766423340439644,2.430404514239919,0.28877007995373627,1.6159318412779409,3.025907392271077,0.05753778604318055,0.0017958598341300557,0.05404994001582281,0.06209986177107089,0.055766423340439644,2.9423360983189744,0.06209986177107089
1,134,active,1591,0.048774065593227556,0.0029002731758505803,0.043269015826295776,0.056299435434344194,2.4300192774691842,0.288468973630285,1.6155832015089877,3.0259012426389176,0.05734334744443806,0.0017857485113398305,0.053880856413843346,0.061869195429139844,0.056299435434344194,2.5035772792266986,0.061869195429139844
1,135,active,1590,0.048085132039148215,0.0030317904643525203,0.04237070185533679,0.05644495139904606,2.431800320274473,0.290507013338577,1.6118262801406207,3.0301127941867043,0.05884752181587101,0.0019408589376623082,0.055104686821422035,0.06405820581045828,0.05644495139904606,2.517872204371979,0.06405820581045828
1,136,active,1589,0.04808733203017238,0.0029493908298063717,0.04244889053293979,0.056069897453047336,2.4320057484287916,0.29097663741792595,1.6106224659538184,3.0307318738268236,0.05946229858538263,0.0019096335718977327,0.055731317329747995,0.06449667702401855,0.056069897453047336,2.5513137272933437,0.06449667702401855
1,137,active,1588,0.04775352388290164,0.0028919978216893475,0.04215203791953755,0.055686426602820506,2.431478866796773,0.29115465998806156,1.610028112568573,3.0312941869359507,0.0593118364602469,0.0018816217010931512,0.05558939180241241,0.0643345371202768,0.055686426602820506,2.689153101195923,0.0643345371202768
1,138,active,1587,0.04798677576662496,0.0028505411219508334,0.042431988907189036,0.055344929827976945,2.4313115294501393,0.2917640475915974,1.6120005854278765,3.0332271818413403,0.059694384229179435,0.0018586171872289577,0.055997268178581874,0.06437374321740519,0.055344929827976945,2.9066144893914725,0.06437374321740519
1,139,active,1586,0.04849674119664519,0.002879859496063814,0.04292230084757625,0.055833587742647094,2.4315210650560406,0.29226863661818014,1.6109801045186418,3.0304296299278053,0.0594505892515876,0.0018506858428302762,0.05579352758498736,0.06405305974686441,0.055833587742647094,2.971476971781356,0.06405305974686441
1,140,active,1585,0.049130474104244835,0.0029158177855497683,0.04351347763935305,0.05649891889710792,2.4311471617894718,0.2920082722146919,1.6108887472623934,3.0295750217958313,0.05921891818274341,0.001843459916979089,0.05559416407295286,0.06376819480334879,0.05649891889710792,2.293803516877828,0.06376819480334879
1,141,active,1584,0.0486648490065753,0.0028846768747087807,0.04305875985201867,0.05582222209523661,2.431951849185928,0.29254592160710136,1.6083629651988112,3.0301782409716216,0.05922208693978871,0.0018414338610405134,0.05557016536413373,0.06368420170997151,0.05582222209523661,1.8798646288755134,0.06368420170997151
1,142,active,1583,0.04888322689653128,0.0028074859399148866,0.043389483043753924,0.05592243348170966,2.4336975692670535,0.28910790610112563,1.6100110288734921,3.029948284628604,0.06226467835210062,0.0018770189944076366,0.05851985616602497,0.06686064734951039,0.05592243348170966,2.1756439827036496,0.06686064734951039
1,143,active,1582,0.04869535089730762,0.0027732883694787263,0.04322426036810465,0.05503112425265232,2.4339531996369757,0.28917156358478663,1.6096237660355437,3.030009393717269,0.06197321848888428,0.0018528152866962488,0.058247309177036945,0.0661183611986083,0.05503112425265232,2.6435664479315655,0.0661183611986083
1,144,active,1581,0.04840163924766153,0.0026652956711993234,0.0431760198392827,0.0548607568946024,2.4334216398778508,0.2890489357402983,1.609587891917092,3.030113717101441,0.06163314896627732,0.0017791195867466036,0.05807657537952496,0.06585509103678126,0.0548607568946024,3.030113717101441,0.06585509103678126
1,145,active,1580,0.04908603381326711,0.002691545180724252,0.043831349216721764,0.055528094064932074,2.432996491323834,0.28870000225728004,1.6094417379560468,3.024652468753583,0.06139432277286744,0.0017655616730723473,0.05788003790164532,0.06553521678150842,0.055528094064932074,2.654861961875759,0.06553521678150842
1,146,active,1579,0.04892242493275239,0.002651173144825486,0.04371464985325479,0.05536487208872227,2.432963852400901,0.28887567390318314,1.609517053774335,3.0244638517433007,0.06153359652068508,0.0017488840402091876,0.058031805795479126,0.06569636119003734,0.05536487208872227,2.103333581696542,0.06569636119003734
1,147,active,1578,0.04879480186775809,0.0025729096914450813,0.04367221173250903,0.055084425347253864,2.433888468237618,0.2883810245415443,1.6089097333741276,3.0252367842961427,0.06170160979691484,0.0017066075242995278,0.05823954128640271,0.06578830185798766,0.055084425347253864,2.25697087629801,0.06578830185798766
1,148,active,1577,0.048608741028741013,0.002565452862040688,0.04354684899947823,0.05465645383799412,2.4338106011166585,0.28859801445617045,1.6080317413319745,3.0251049863667205,0.06155455028106043,0.00170346594266793,0.05813004617564496,0.0654930059565937,0.05465645383799412,2.1063709957052,0.0654930059565937
1,149,active,1576,0.0484866991940733,0.0025199484270605017,0.043486518259980005,0.05450959767265477,2.4340454994718455,0.2885138852215502,1.610135222319372,3.0252467387510826,0.06130932742063467,0.001671079816759546,0.05793240552777597,0.06522490437686577,0.05450959767265477,2.5426032913768206,0.06522490437686577
1,150,active,1575,0.048390498713890666,0.00246362725979293,0.043458898264653045,0.05430621566397751,2.4341829172171523,0.2887272811115212,1.6103879230997475,3.0260621334795426,0.06126163765278261,0.001636093252738639,0.057927779473521186,0.06511276444524752,0.05430621566397751,2.624018821062173,0.06511276444524752
1,151,active,1574,0.04810582036564008,0.0022769873006297497,0.043385131128068334,0.05416361456608198,2.434140863285418,0.28884481843621446,1.6101453457054509,3.026403834493357,0.06091618047620174,0.0015124602901826652,0.057726186493474045,0.06485370542803454,0.05416361456608198,2.5929202466925996,0.06485370542803454
1,152,active,1573,0.048133674945670786,0.002222276372241943,0.043511078871798815,0.05404686018451996,2.4337718190253455,0.28814422720190075,1.6119411166789186,3.0248721125156224,0.06152312221069143,0.001490181628094754,0.0583712049127932,0.06540470267486115,0.05404686018451996,1.7365546505769973,0.06540470267486115
1,153,active,1572,0.04880249522292066,0.0022514104974153534,0.044111805452776875,0.05466454022818738,2.4342019218866757,0.28771853440814454,1.611631817569715,3.02490442886454,0.06131581289528255,0.001485073656247308,0.05816988735704437,0.06510328026531874,0.05466454022818738,2.4971053171371977,0.06510328026531874
1,154,active,1571,0.0486817119371889,0.0022505945060309622,0.04399867389919985,0.05436994216271961,2.434125202189158,0.28807387006270774,1.6114600107908812,3.026153956776472,0.06159343667486014,0.0014949399222960369,0.058430938828253016,0.06529674236627471,0.05436994216271961,2.4272390516626827,0.06529674236627471
